DEMO_SV_00002	4	51900000	56400000	N	<DEL>	DEL	0/1
DEMO_SV_00003	7	44100000	49300000	N	<DUP>	DUP	0/1
DEMO_SV_00004	12	18100000	23900000	N	<DUP>	DUP	0/1
DEMO_SV_00005	16	29600000	33400000	N	<DEL>	DEL	0/1
DEMO_SV_00008	10	77600000	81900000	N	<DUP>	DUP	0/1
DEMO_SV_00010	22	35900000	39000000	N	<DEL>	DEL	0/1
DEMO_SV_00011	3	61200000	63100000	N	<INV>	INV	0/1
DEMO_SV_00012	8	18300000	19700000	N	<INV>	INV	0/1
DEMO_SV_00015	7	72100000	72100001	N	N[18:14300000[	BND	0/1
DEMO_SV_00016	9	58300000	58300001	N	N[22:23400000[	BND	0/1
DEMO_SV_00017	1	1496236	1509560	N	<INV>	INV	0/1
DEMO_SV_00019	1	17626953	17675476	N	<INV>	INV	0/1
DEMO_SV_00021	1	32063933	32154677	N	<DEL>	DEL	0/1
DEMO_SV_00022	1	36535664	36538437	N	<INS>	INS	0/1
DEMO_SV_00024	1	50131046	50131552	N	<INS>	INS	0/1
DEMO_SV_00029	1	83458508	83483939	N	<DEL>	DEL	0/1
DEMO_SV_00030	1	89757982	89787930	N	<DUP>	DUP	0/1
DEMO_SV_00031	1	96492003	96493883	N	<INS>	INS	0/1
DEMO_SV_00032	1	105071915	105107112	N	<DEL>	DEL	0/1
DEMO_SV_00033	1	109957350	109958259	N	<INS>	INS	0/1
DEMO_SV_00034	1	117288200	117407008	N	<DEL>	DEL	0/1
DEMO_SV_00035	1	130532430	130569298	N	<INV>	INV	0/1
DEMO_SV_00038	1	148148858	148164104	N	<DUP>	DUP	0/1
DEMO_SV_00039	1	155646951	155654781	N	<INV>	INV	0/1
DEMO_SV_00041	1	168640683	168673473	N	<DUP>	DUP	0/1
DEMO_SV_00042	1	174925691	174951681	N	<INV>	INV	0/1
DEMO_SV_00044	1	185245287	185246277	N	<INS>	INS	0/1
DEMO_SV_00045	1	192730861	192765662	N	<INV>	INV	0/1
DEMO_SV_00047	1	206722577	206724733	N	<INS>	INS	0/1
DEMO_SV_00049	1	220192895	220193554	N	<INS>	INS	0/1
DEMO_SV_00050	1	224325960	224370657	N	<INV>	INV	0/1
DEMO_SV_00051	1	232967450	232973926	N	<INV>	INV	0/1
DEMO_SV_00052	1	241269318	241286638	N	<INV>	INV	0/1
DEMO_SV_00053	1	245088611	245089456	N	<INS>	INS	0/1
DEMO_SV_00054	2	1747778	1793758	N	<DUP>	DUP	0/1
DEMO_SV_00055	2	8568607	8570462	N	<INS>	INS	0/1
DEMO_SV_00057	2	22717892	22780204	N	<DEL>	DEL	0/1
DEMO_SV_00059	2	39134878	39135208	N	<INS>	INS	0/1
DEMO_SV_00061	2	54974794	54998183	N	<INV>	INV	0/1
DEMO_SV_00062	2	62173271	62183072	N	<DUP>	DUP	0/1
DEMO_SV_00063	2	69111890	69159502	N	<INV>	INV	0/1
DEMO_SV_00065	2	82705836	82708588	N	<INS>	INS	0/1
DEMO_SV_00066	2	88527966	88546284	N	<DEL>	DEL	0/1
DEMO_SV_00069	2	111216633	111262938	N	<INV>	INV	0/1
DEMO_SV_00070	2	117050773	117073838	N	<DEL>	DEL	0/1
DEMO_SV_00071	2	128122433	128236914	N	<DEL>	DEL	0/1
DEMO_SV_00072	2	131232061	131258404	N	<DEL>	DEL	0/1
DEMO_SV_00073	2	136925127	136927057	N	<INS>	INS	0/1
DEMO_SV_00075	2	150734991	150824037	N	<DEL>	DEL	0/1
DEMO_SV_00078	2	170728161	170730282	N	<INS>	INS	0/1
DEMO_SV_00080	2	187574750	187576513	N	<INS>	INS	0/1
DEMO_SV_00081	2	190807593	190808902	N	<INS>	INS	0/1
DEMO_SV_00082	2	201253777	201281543	N	<DUP>	DUP	0/1
DEMO_SV_00084	2	210894272	210938029	N	<INV>	INV	0/1
DEMO_SV_00085	2	217758791	217759078	N	<INS>	INS	0/1
DEMO_SV_00086	2	224420241	224455608	N	<INV>	INV	0/1
DEMO_SV_00087	2	233195665	233226729	N	<DEL>	DEL	0/1
DEMO_SV_00088	2	236571505	236572988	N	<INS>	INS	0/1
DEMO_SV_00089	3	1828173	1849447	N	<DUP>	DUP	0/1
DEMO_SV_00093	3	28696898	28699245	N	<INS>	INS	0/1
DEMO_SV_00095	3	45155719	45158504	N	<INS>	INS	0/1
DEMO_SV_00096	3	49085710	49134658	N	<DUP>	DUP	0/1
DEMO_SV_00098	3	63589915	63660871	N	<DEL>	DEL	0/1
DEMO_SV_00099	3	73015352	73079900	N	<DUP>	DUP	0/1
DEMO_SV_00101	3	83844111	83942427	N	<DEL>	DEL	0/1
DEMO_SV_00102	3	98350116	98352739	N	<INS>	INS	0/1
DEMO_SV_00103	3	103816754	103860250	N	<DUP>	DUP	0/1
DEMO_SV_00104	3	110351705	110365612	N	<INV>	INV	0/1
DEMO_SV_00105	3	118592223	118673636	N	<DEL>	DEL	0/1
DEMO_SV_00108	3	134296058	134318801	N	<INV>	INV	0/1
DEMO_SV_00110	3	148401616	148429836	N	<DEL>	DEL	0/1
DEMO_SV_00111	3	155611340	155614122	N	<INS>	INS	0/1
DEMO_SV_00113	3	170782968	170918980	N	<DUP>	DUP	0/1
DEMO_SV_00114	3	177706563	177775498	N	<DEL>	DEL	0/1
DEMO_SV_00115	3	180428137	180461741	N	<INV>	INV	0/1
DEMO_SV_00116	3	186334717	186362329	N	<INV>	INV	0/1
DEMO_SV_00118	4	3507026	3531222	N	<INV>	INV	0/1
DEMO_SV_00121	4	26317604	26370419	N	<DEL>	DEL	0/1
DEMO_SV_00122	4	31893340	31893447	N	<INS>	INS	0/1
DEMO_SV_00123	4	37343951	37345870	N	<INS>	INS	0/1
DEMO_SV_00127	4	67343362	67428746	N	<DUP>	DUP	0/1
DEMO_SV_00128	4	75633394	75691266	N	<DUP>	DUP	0/1
DEMO_SV_00129	4	83049067	83115179	N	<DEL>	DEL	0/1
DEMO_SV_00130	4	88323282	88374344	N	<DEL>	DEL	0/1
DEMO_SV_00133	4	110534618	110535107	N	<INS>	INS	0/1
DEMO_SV_00134	4	113692944	113693259	N	<INS>	INS	0/1
DEMO_SV_00135	4	119636245	119657993	N	<DUP>	DUP	0/1
DEMO_SV_00136	4	130004930	130035369	N	<INV>	INV	0/1
DEMO_SV_00139	4	148724269	148762051	N	<INV>	INV	0/1
DEMO_SV_00140	4	153857120	153950883	N	<DEL>	DEL	0/1
DEMO_SV_00142	4	167927211	167964485	N	<DEL>	DEL	0/1
DEMO_SV_00143	4	173150238	173166153	N	<INV>	INV	0/1
DEMO_SV_00144	4	181948720	181984238	N	<INV>	INV	0/1
DEMO_SV_00146	5	1993124	1993333	N	<INS>	INS	0/1
DEMO_SV_00147	5	7875333	7899280	N	<DEL>	DEL	0/1
DEMO_SV_00148	5	16886485	16886808	N	<INS>	INS	0/1
DEMO_SV_00149	5	24108203	24155647	N	<DEL>	DEL	0/1
DEMO_SV_00150	5	27973448	28077168	N	<DUP>	DUP	0/1
DEMO_SV_00151	5	36041672	36044000	N	<INS>	INS	0/1
DEMO_SV_00156	5	77470606	77480393	N	<INV>	INV	0/1
DEMO_SV_00157	5	80901777	80926292	N	<INV>	INV	0/1
DEMO_SV_00158	5	86726779	86760427	N	<INV>	INV	0/1
DEMO_SV_00161	5	111097852	111118036	N	<INV>	INV	0/1
DEMO_SV_00165	5	138970051	138993083	N	<DEL>	DEL	0/1
DEMO_SV_00169	5	162425224	162426089	N	<INS>	INS	0/1
DEMO_SV_00173	6	9270965	9303206	N	<INV>	INV	0/1
DEMO_SV_00174	6	15868221	15923612	N	<DUP>	DUP	0/1
DEMO_SV_00178	6	41457653	41506092	N	<DEL>	DEL	0/1
DEMO_SV_00179	6	49787959	49915787	N	<DUP>	DUP	0/1
DEMO_SV_00180	6	56434261	56529050	N	<DUP>	DUP	0/1
DEMO_SV_00182	6	71311619	71354943	N	<INV>	INV	0/1
DEMO_SV_00183	6	78179803	78188592	N	<DUP>	DUP	0/1
DEMO_SV_00184	6	86196839	86333081	N	<DUP>	DUP	0/1
DEMO_SV_00185	6	91733206	91733870	N	<INS>	INS	0/1
DEMO_SV_00186	6	101203533	101211844	N	<INV>	INV	0/1
DEMO_SV_00187	6	105740210	105818934	N	<DEL>	DEL	0/1
DEMO_SV_00191	6	133238407	133241322	N	<INS>	INS	0/1
DEMO_SV_00195	6	162478365	162517250	N	<DEL>	DEL	0/1
DEMO_SV_00197	7	2337851	2406391	N	<DEL>	DEL	0/1
DEMO_SV_00198	7	11225687	11250919	N	<DUP>	DUP	0/1
DEMO_SV_00200	7	22860709	22910260	N	<INV>	INV	0/1
DEMO_SV_00203	7	42536528	42584638	N	<DEL>	DEL	0/1
DEMO_SV_00204	7	47602559	47639222	N	<DUP>	DUP	0/1
DEMO_SV_00206	7	66325156	66327188	N	<INS>	INS	0/1
DEMO_SV_00207	7	71760873	71859274	N	<DEL>	DEL	0/1
DEMO_SV_00208	7	81796052	81835263	N	<INV>	INV	0/1
DEMO_SV_00211	7	98405387	98496762	N	<DEL>	DEL	0/1
DEMO_SV_00213	7	112302571	112310624	N	<INV>	INV	0/1
DEMO_SV_00214	7	122472659	122555020	N	<DEL>	DEL	0/1
DEMO_SV_00215	7	130459765	130460136	N	<INS>	INS	0/1
DEMO_SV_00216	7	136020164	136029265	N	<DEL>	DEL	0/1
DEMO_SV_00217	7	139765422	139904941	N	<DUP>	DUP	0/1
DEMO_SV_00218	7	150986331	151011605	N	<INV>	INV	0/1
DEMO_SV_00219	7	155157032	155275847	N	<DEL>	DEL	0/1
DEMO_SV_00220	8	2231740	2232768	N	<INS>	INS	0/1
DEMO_SV_00221	8	10102802	10143429	N	<DEL>	DEL	0/1
DEMO_SV_00224	8	32621863	32623641	N	<INS>	INS	0/1
DEMO_SV_00225	8	38037185	38042212	N	<INV>	INV	0/1
DEMO_SV_00226	8	49547376	49587346	N	<INV>	INV	0/1
DEMO_SV_00227	8	59153163	59187237	N	<DUP>	DUP	0/1
DEMO_SV_00229	8	70777863	70789659	N	<INV>	INV	0/1
DEMO_SV_00230	8	77005921	77013862	N	<INV>	INV	0/1
DEMO_SV_00231	8	80885971	80905667	N	<INV>	INV	0/1
DEMO_SV_00232	8	87697547	87788379	N	<DUP>	DUP	0/1
DEMO_SV_00235	8	109103456	109161522	N	<DEL>	DEL	0/1
DEMO_SV_00236	8	114804957	114807739	N	<INS>	INS	0/1
DEMO_SV_00237	8	120189736	120236354	N	<INV>	INV	0/1
DEMO_SV_00239	8	137073220	137110051	N	<INV>	INV	0/1
DEMO_SV_00243	9	14315528	14412533	N	<DEL>	DEL	0/1
DEMO_SV_00246	9	35504839	35583694	N	<DUP>	DUP	0/1
DEMO_SV_00248	9	59438499	59512309	N	<DEL>	DEL	0/1
DEMO_SV_00249	9	64821676	64897843	N	<DUP>	DUP	0/1
DEMO_SV_00251	9	82095933	82212760	N	<DEL>	DEL	0/1
DEMO_SV_00252	9	88477867	88526332	N	<DEL>	DEL	0/1
DEMO_SV_00253	9	94872710	94956039	N	<DUP>	DUP	0/1
DEMO_SV_00254	9	102423641	102461293	N	<INV>	INV	0/1
DEMO_SV_00256	9	116568002	116576497	N	<INV>	INV	0/1
DEMO_SV_00257	9	120123051	120123232	N	<INS>	INS	0/1
DEMO_SV_00258	9	126844871	126913538	N	<DEL>	DEL	0/1
DEMO_SV_00262	10	17069339	17079108	N	<INV>	INV	0/1
DEMO_SV_00264	10	29236981	29238067	N	<INS>	INS	0/1
DEMO_SV_00265	10	32724390	32786171	N	<DEL>	DEL	0/1
DEMO_SV_00266	10	46284016	46379890	N	<DEL>	DEL	0/1
DEMO_SV_00267	10	53342353	53343573	N	<INS>	INS	0/1
DEMO_SV_00269	10	64808681	64852473	N	<INV>	INV	0/1
DEMO_SV_00270	10	74852960	74919167	N	<DUP>	DUP	0/1
DEMO_SV_00271	10	82110694	82142813	N	<DUP>	DUP	0/1
DEMO_SV_00273	10	95617221	95649476	N	<INV>	INV	0/1
DEMO_SV_00276	10	116900449	116950532	N	<DEL>	DEL	0/1
DEMO_SV_00277	10	120934028	120957692	N	<INV>	INV	0/1
DEMO_SV_00278	10	132273121	132348123	N	<DEL>	DEL	0/1
DEMO_SV_00280	11	11673192	11674668	N	<INS>	INS	0/1
DEMO_SV_00286	11	59164002	59205175	N	<INV>	INV	0/1
DEMO_SV_00288	11	72251325	72321655	N	<DEL>	DEL	0/1
DEMO_SV_00289	11	79968682	80018039	N	<DEL>	DEL	0/1
DEMO_SV_00290	11	87241458	87368601	N	<DUP>	DUP	0/1
DEMO_SV_00291	11	93307831	93310674	N	<INS>	INS	0/1
DEMO_SV_00292	11	96818850	96836794	N	<DEL>	DEL	0/1
DEMO_SV_00294	11	109835504	109835554	N	<INS>	INS	0/1
DEMO_SV_00295	11	119335114	119385588	N	<DUP>	DUP	0/1
DEMO_SV_00298	12	2701313	2720621	N	<DEL>	DEL	0/1
DEMO_SV_00299	12	8251686	8268933	N	<INV>	INV	0/1
DEMO_SV_00304	12	49583162	49583820	N	<INS>	INS	0/1
DEMO_SV_00306	12	60669611	60735492	N	<DEL>	DEL	0/1
DEMO_SV_00307	12	70597016	70623138	N	<INV>	INV	0/1
DEMO_SV_00308	12	74321527	74359325	N	<INV>	INV	0/1
DEMO_SV_00311	12	93917898	93942694	N	<INV>	INV	0/1
DEMO_SV_00313	12	108197291	108236366	N	<DEL>	DEL	0/1
DEMO_SV_00314	12	115765389	115783705	N	<DUP>	DUP	0/1
DEMO_SV_00317	13	24793042	24860584	N	<DEL>	DEL	0/1
DEMO_SV_00321	13	51760997	51761816	N	<INS>	INS	0/1
DEMO_SV_00323	13	62116698	62227877	N	<DEL>	DEL	0/1
DEMO_SV_00325	13	76455714	76457553	N	<INS>	INS	0/1
DEMO_SV_00328	13	98634476	98677715	N	<INV>	INV	0/1
DEMO_SV_00332	14	26803787	26804332	N	<INS>	INS	0/1
DEMO_SV_00333	14	35070995	35105631	N	<DEL>	DEL	0/1
DEMO_SV_00337	14	63238855	63330712	N	<DEL>	DEL	0/1
DEMO_SV_00338	14	67295690	67394435	N	<DEL>	DEL	0/1
DEMO_SV_00339	14	76236960	76254831	N	<INV>	INV	0/1
DEMO_SV_00344	15	23054609	23161379	N	<DUP>	DUP	0/1
DEMO_SV_00346	15	38426726	38449472	N	<INV>	INV	0/1
DEMO_SV_00347	15	42047124	42074002	N	<DUP>	DUP	0/1
DEMO_SV_00349	15	59224757	59233489	N	<INV>	INV	0/1
DEMO_SV_00353	15	84268717	84281450	N	<INV>	INV	0/1
DEMO_SV_00354	15	92627224	92743623	N	<DEL>	DEL	0/1
DEMO_SV_00355	15	96716932	96778099	N	<DEL>	DEL	0/1
DEMO_SV_00356	16	5194093	5213928	N	<DEL>	DEL	0/1
DEMO_SV_00357	16	11822222	11823910	N	<INS>	INS	0/1
DEMO_SV_00358	16	15388765	15464149	N	<DEL>	DEL	0/1
DEMO_SV_00359	16	25689640	25690799	N	<INS>	INS	0/1
DEMO_SV_00363	16	54478237	54611638	N	<DUP>	DUP	0/1
DEMO_SV_00364	16	64280873	64351158	N	<DUP>	DUP	0/1
DEMO_SV_00365	16	69544572	69638224	N	<DUP>	DUP	0/1
DEMO_SV_00372	17	30737405	30745402	N	<INV>	INV	0/1
DEMO_SV_00376	17	55372968	55383098	N	<INV>	INV	0/1
DEMO_SV_00379	17	73689869	73807675	N	<DEL>	DEL	0/1
DEMO_SV_00381	18	1818347	1820374	N	<INS>	INS	0/1
DEMO_SV_00384	18	33461423	33551264	N	<DUP>	DUP	0/1
DEMO_SV_00385	18	38734514	38745422	N	<DUP>	DUP	0/1
DEMO_SV_00386	18	46555019	46653612	N	<DEL>	DEL	0/1
DEMO_SV_00388	18	58322557	58325373	N	<INS>	INS	0/1
DEMO_SV_00391	18	75930332	75932422	N	<INS>	INS	0/1
DEMO_SV_00392	19	3252618	3299467	N	<DEL>	DEL	0/1
DEMO_SV_00393	19	9551671	9598366	N	<INV>	INV	0/1
DEMO_SV_00396	19	33583141	33618215	N	<INV>	INV	0/1
DEMO_SV_00398	19	49104945	49113178	N	<DUP>	DUP	0/1
DEMO_SV_00399	19	55115144	55116525	N	<INS>	INS	0/1
DEMO_SV_00400	20	2292201	2307075	N	<INV>	INV	0/1
DEMO_SV_00401	20	8889740	8935459	N	<INV>	INV	0/1
DEMO_SV_00402	20	14535322	14611439	N	<DEL>	DEL	0/1
DEMO_SV_00403	20	21546002	21596611	N	<DEL>	DEL	0/1
DEMO_SV_00405	20	41590594	41592593	N	<INS>	INS	0/1
DEMO_SV_00407	20	56453437	56520576	N	<DUP>	DUP	0/1
DEMO_SV_00408	20	59069022	59128184	N	<DEL>	DEL	0/1
DEMO_SV_00410	21	25066394	25068482	N	<INS>	INS	0/1
DEMO_SV_00411	21	30409070	30420314	N	<INV>	INV	0/1
DEMO_SV_00412	21	36338879	36385501	N	<INV>	INV	0/1
DEMO_SV_00413	21	42441871	42443794	N	<INS>	INS	0/1
DEMO_SV_00415	22	25242377	25262761	N	<DEL>	DEL	0/1
DEMO_SV_00417	22	39357463	39362857	N	<INV>	INV	0/1
DEMO_SV_00419	X	2087045	2149237	N	<DEL>	DEL	0/1
DEMO_SV_00423	X	30480526	30490793	N	<INV>	INV	0/1
DEMO_SV_00426	X	48069076	48098419	N	<INV>	INV	0/1
DEMO_SV_00427	X	54287271	54301361	N	<INV>	INV	0/1
DEMO_SV_00430	X	83148386	83150906	N	<INS>	INS	0/1
DEMO_SV_00431	X	90192233	90192980	N	<INS>	INS	0/1
DEMO_SV_00433	X	102053073	102071960	N	<INV>	INV	0/1
DEMO_SV_00436	X	123811183	123863680	N	<DEL>	DEL	0/1
DEMO_SV_00437	X	131898533	131980627	N	<DUP>	DUP	0/1
DEMO_SV_00439	X	145375416	145376210	N	<INS>	INS	0/1
