DEMO_SV_00001	1	88500000	92100000	N	<DUP>	DUP	0/1
DEMO_SV_00003	7	44100000	49300000	N	<DUP>	DUP	0/1
DEMO_SV_00005	16	29600000	33400000	N	<DEL>	DEL	0/1
DEMO_SV_00011	3	61200000	63100000	N	<INV>	INV	0/1
DEMO_SV_00012	8	18300000	19700000	N	<INV>	INV	0/1
DEMO_SV_00014	5	33400000	33400001	N	N[12:44200000[	BND	0/1
DEMO_SV_00016	9	58300000	58300001	N	N[22:23400000[	BND	0/1
DEMO_SV_00018	1	8450024	8478755	N	<DEL>	DEL	0/1
DEMO_SV_00019	1	17626953	17675476	N	<INV>	INV	0/1
DEMO_SV_00020	1	23927519	24014043	N	<DEL>	DEL	0/1
DEMO_SV_00021	1	32063933	32154677	N	<DEL>	DEL	0/1
DEMO_SV_00022	1	36535664	36538437	N	<INS>	INS	0/1
DEMO_SV_00024	1	50131046	50131552	N	<INS>	INS	0/1
DEMO_SV_00027	1	70042352	70079361	N	<DEL>	DEL	0/1
DEMO_SV_00029	1	83458508	83483939	N	<DEL>	DEL	0/1
DEMO_SV_00030	1	89757982	89787930	N	<DUP>	DUP	0/1
DEMO_SV_00031	1	96492003	96493883	N	<INS>	INS	0/1
DEMO_SV_00032	1	105071915	105107112	N	<DEL>	DEL	0/1
DEMO_SV_00034	1	117288200	117407008	N	<DEL>	DEL	0/1
DEMO_SV_00035	1	130532430	130569298	N	<INV>	INV	0/1
DEMO_SV_00038	1	148148858	148164104	N	<DUP>	DUP	0/1
DEMO_SV_00039	1	155646951	155654781	N	<INV>	INV	0/1
DEMO_SV_00042	1	174925691	174951681	N	<INV>	INV	0/1
DEMO_SV_00043	1	178481439	178491605	N	<DEL>	DEL	0/1
DEMO_SV_00044	1	185245287	185246277	N	<INS>	INS	0/1
DEMO_SV_00045	1	192730861	192765662	N	<INV>	INV	0/1
DEMO_SV_00046	1	199144137	199233386	N	<DEL>	DEL	0/1
DEMO_SV_00048	1	211083712	211085751	N	<INS>	INS	0/1
DEMO_SV_00049	1	220192895	220193554	N	<INS>	INS	0/1
DEMO_SV_00051	1	232967450	232973926	N	<INV>	INV	0/1
DEMO_SV_00052	1	241269318	241286638	N	<INV>	INV	0/1
DEMO_SV_00053	1	245088611	245089456	N	<INS>	INS	0/1
DEMO_SV_00054	2	1747778	1793758	N	<DUP>	DUP	0/1
DEMO_SV_00057	2	22717892	22780204	N	<DEL>	DEL	0/1
DEMO_SV_00059	2	39134878	39135208	N	<INS>	INS	0/1
DEMO_SV_00062	2	62173271	62183072	N	<DUP>	DUP	0/1
DEMO_SV_00063	2	69111890	69159502	N	<INV>	INV	0/1
DEMO_SV_00064	2	74090357	74090903	N	<INS>	INS	0/1
DEMO_SV_00065	2	82705836	82708588	N	<INS>	INS	0/1
DEMO_SV_00066	2	88527966	88546284	N	<DEL>	DEL	0/1
DEMO_SV_00068	2	107712907	107829753	N	<DEL>	DEL	0/1
DEMO_SV_00070	2	117050773	117073838	N	<DEL>	DEL	0/1
DEMO_SV_00071	2	128122433	128236914	N	<DEL>	DEL	0/1
DEMO_SV_00072	2	131232061	131258404	N	<DEL>	DEL	0/1
DEMO_SV_00073	2	136925127	136927057	N	<INS>	INS	0/1
DEMO_SV_00074	2	147584160	147609207	N	<INV>	INV	0/1
DEMO_SV_00076	2	159662073	159733997	N	<DUP>	DUP	0/1
DEMO_SV_00077	2	166602166	166627999	N	<DEL>	DEL	0/1
DEMO_SV_00081	2	190807593	190808902	N	<INS>	INS	0/1
DEMO_SV_00084	2	210894272	210938029	N	<INV>	INV	0/1
DEMO_SV_00087	2	233195665	233226729	N	<DEL>	DEL	0/1
DEMO_SV_00089	3	1828173	1849447	N	<DUP>	DUP	0/1
DEMO_SV_00091	3	19087797	19116367	N	<INV>	INV	0/1
DEMO_SV_00092	3	23535421	23574366	N	<INV>	INV	0/1
DEMO_SV_00093	3	28696898	28699245	N	<INS>	INS	0/1
DEMO_SV_00096	3	49085710	49134658	N	<DUP>	DUP	0/1
DEMO_SV_00098	3	63589915	63660871	N	<DEL>	DEL	0/1
DEMO_SV_00099	3	73015352	73079900	N	<DUP>	DUP	0/1
DEMO_SV_00101	3	83844111	83942427	N	<DEL>	DEL	0/1
DEMO_SV_00102	3	98350116	98352739	N	<INS>	INS	0/1
DEMO_SV_00103	3	103816754	103860250	N	<DUP>	DUP	0/1
DEMO_SV_00104	3	110351705	110365612	N	<INV>	INV	0/1
DEMO_SV_00105	3	118592223	118673636	N	<DEL>	DEL	0/1
DEMO_SV_00106	3	125158940	125241893	N	<DEL>	DEL	0/1
DEMO_SV_00110	3	148401616	148429836	N	<DEL>	DEL	0/1
DEMO_SV_00111	3	155611340	155614122	N	<INS>	INS	0/1
DEMO_SV_00112	3	160959240	160975415	N	<INV>	INV	0/1
DEMO_SV_00115	3	180428137	180461741	N	<INV>	INV	0/1
DEMO_SV_00117	3	196015630	196035649	N	<INV>	INV	0/1
DEMO_SV_00118	4	3507026	3531222	N	<INV>	INV	0/1
DEMO_SV_00119	4	8530442	8556927	N	<DEL>	DEL	0/1
DEMO_SV_00121	4	26317604	26370419	N	<DEL>	DEL	0/1
DEMO_SV_00122	4	31893340	31893447	N	<INS>	INS	0/1
DEMO_SV_00123	4	37343951	37345870	N	<INS>	INS	0/1
DEMO_SV_00124	4	45008890	45009019	N	<INS>	INS	0/1
DEMO_SV_00125	4	57822180	57882968	N	<DUP>	DUP	0/1
DEMO_SV_00127	4	67343362	67428746	N	<DUP>	DUP	0/1
DEMO_SV_00128	4	75633394	75691266	N	<DUP>	DUP	0/1
DEMO_SV_00129	4	83049067	83115179	N	<DEL>	DEL	0/1
DEMO_SV_00130	4	88323282	88374344	N	<DEL>	DEL	0/1
DEMO_SV_00134	4	113692944	113693259	N	<INS>	INS	0/1
DEMO_SV_00136	4	130004930	130035369	N	<INV>	INV	0/1
DEMO_SV_00138	4	140738203	140765343	N	<DEL>	DEL	0/1
DEMO_SV_00139	4	148724269	148762051	N	<INV>	INV	0/1
DEMO_SV_00140	4	153857120	153950883	N	<DEL>	DEL	0/1
DEMO_SV_00142	4	167927211	167964485	N	<DEL>	DEL	0/1
DEMO_SV_00144	4	181948720	181984238	N	<INV>	INV	0/1
DEMO_SV_00147	5	7875333	7899280	N	<DEL>	DEL	0/1
DEMO_SV_00149	5	24108203	24155647	N	<DEL>	DEL	0/1
DEMO_SV_00151	5	36041672	36044000	N	<INS>	INS	0/1
DEMO_SV_00152	5	43338968	43339816	N	<INS>	INS	0/1
DEMO_SV_00156	5	77470606	77480393	N	<INV>	INV	0/1
DEMO_SV_00157	5	80901777	80926292	N	<INV>	INV	0/1
DEMO_SV_00158	5	86726779	86760427	N	<INV>	INV	0/1
DEMO_SV_00161	5	111097852	111118036	N	<INV>	INV	0/1
DEMO_SV_00164	5	129390036	129408133	N	<INV>	INV	0/1
DEMO_SV_00165	5	138970051	138993083	N	<DEL>	DEL	0/1
DEMO_SV_00166	5	143456843	143457389	N	<INS>	INS	0/1
DEMO_SV_00172	6	5267768	5292530	N	<INV>	INV	0/1
DEMO_SV_00173	6	9270965	9303206	N	<INV>	INV	0/1
DEMO_SV_00174	6	15868221	15923612	N	<DUP>	DUP	0/1
DEMO_SV_00175	6	23273072	23273562	N	<INS>	INS	0/1
DEMO_SV_00177	6	36805324	36805622	N	<INS>	INS	0/1
DEMO_SV_00178	6	41457653	41506092	N	<DEL>	DEL	0/1
DEMO_SV_00179	6	49787959	49915787	N	<DUP>	DUP	0/1
DEMO_SV_00180	6	56434261	56529050	N	<DUP>	DUP	0/1
DEMO_SV_00182	6	71311619	71354943	N	<INV>	INV	0/1
DEMO_SV_00183	6	78179803	78188592	N	<DUP>	DUP	0/1
DEMO_SV_00185	6	91733206	91733870	N	<INS>	INS	0/1
DEMO_SV_00186	6	101203533	101211844	N	<INV>	INV	0/1
DEMO_SV_00188	6	112422491	112457070	N	<INV>	INV	0/1
DEMO_SV_00189	6	120468798	120469931	N	<INS>	INS	0/1
DEMO_SV_00190	6	125388684	125391031	N	<INS>	INS	0/1
DEMO_SV_00191	6	133238407	133241322	N	<INS>	INS	0/1
DEMO_SV_00192	6	139195992	139265092	N	<DEL>	DEL	0/1
DEMO_SV_00195	6	162478365	162517250	N	<DEL>	DEL	0/1
DEMO_SV_00196	6	165895936	165898814	N	<INS>	INS	0/1
DEMO_SV_00197	7	2337851	2406391	N	<DEL>	DEL	0/1
DEMO_SV_00198	7	11225687	11250919	N	<DUP>	DUP	0/1
DEMO_SV_00203	7	42536528	42584638	N	<DEL>	DEL	0/1
DEMO_SV_00204	7	47602559	47639222	N	<DUP>	DUP	0/1
DEMO_SV_00206	7	66325156	66327188	N	<INS>	INS	0/1
DEMO_SV_00209	7	87505616	87531449	N	<DEL>	DEL	0/1
DEMO_SV_00215	7	130459765	130460136	N	<INS>	INS	0/1
DEMO_SV_00216	7	136020164	136029265	N	<DEL>	DEL	0/1
DEMO_SV_00217	7	139765422	139904941	N	<DUP>	DUP	0/1
DEMO_SV_00219	7	155157032	155275847	N	<DEL>	DEL	0/1
DEMO_SV_00220	8	2231740	2232768	N	<INS>	INS	0/1
DEMO_SV_00226	8	49547376	49587346	N	<INV>	INV	0/1
DEMO_SV_00227	8	59153163	59187237	N	<DUP>	DUP	0/1
DEMO_SV_00230	8	77005921	77013862	N	<INV>	INV	0/1
DEMO_SV_00234	8	102161092	102178232	N	<DEL>	DEL	0/1
DEMO_SV_00235	8	109103456	109161522	N	<DEL>	DEL	0/1
DEMO_SV_00239	8	137073220	137110051	N	<INV>	INV	0/1
DEMO_SV_00241	9	3182091	3245499	N	<DEL>	DEL	0/1
DEMO_SV_00242	9	11936371	11969487	N	<INV>	INV	0/1
DEMO_SV_00243	9	14315528	14412533	N	<DEL>	DEL	0/1
DEMO_SV_00244	9	23137543	23162718	N	<DEL>	DEL	0/1
DEMO_SV_00245	9	28593538	28720774	N	<DUP>	DUP	0/1
DEMO_SV_00249	9	64821676	64897843	N	<DUP>	DUP	0/1
DEMO_SV_00253	9	94872710	94956039	N	<DUP>	DUP	0/1
DEMO_SV_00256	9	116568002	116576497	N	<INV>	INV	0/1
DEMO_SV_00257	9	120123051	120123232	N	<INS>	INS	0/1
DEMO_SV_00258	9	126844871	126913538	N	<DEL>	DEL	0/1
DEMO_SV_00259	9	136396857	136477784	N	<DUP>	DUP	0/1
DEMO_SV_00262	10	17069339	17079108	N	<INV>	INV	0/1
DEMO_SV_00264	10	29236981	29238067	N	<INS>	INS	0/1
DEMO_SV_00266	10	46284016	46379890	N	<DEL>	DEL	0/1
DEMO_SV_00267	10	53342353	53343573	N	<INS>	INS	0/1
DEMO_SV_00268	10	61611579	61612989	N	<INS>	INS	0/1
DEMO_SV_00271	10	82110694	82142813	N	<DUP>	DUP	0/1
DEMO_SV_00272	10	88748859	88767984	N	<INV>	INV	0/1
DEMO_SV_00274	10	102749642	102812755	N	<DUP>	DUP	0/1
DEMO_SV_00275	10	107425738	107426685	N	<INS>	INS	0/1
DEMO_SV_00276	10	116900449	116950532	N	<DEL>	DEL	0/1
DEMO_SV_00277	10	120934028	120957692	N	<INV>	INV	0/1
DEMO_SV_00278	10	132273121	132348123	N	<DEL>	DEL	0/1
DEMO_SV_00280	11	11673192	11674668	N	<INS>	INS	0/1
DEMO_SV_00281	11	18800936	18846181	N	<INV>	INV	0/1
DEMO_SV_00282	11	27210969	27212036	N	<INS>	INS	0/1
DEMO_SV_00283	11	33125979	33221559	N	<DUP>	DUP	0/1
DEMO_SV_00286	11	59164002	59205175	N	<INV>	INV	0/1
DEMO_SV_00288	11	72251325	72321655	N	<DEL>	DEL	0/1
DEMO_SV_00290	11	87241458	87368601	N	<DUP>	DUP	0/1
DEMO_SV_00295	11	119335114	119385588	N	<DUP>	DUP	0/1
DEMO_SV_00297	11	133654541	133657526	N	<INS>	INS	0/1
DEMO_SV_00302	12	29358070	29364027	N	<INV>	INV	0/1
DEMO_SV_00304	12	49583162	49583820	N	<INS>	INS	0/1
DEMO_SV_00305	12	56893895	56969766	N	<DEL>	DEL	0/1
DEMO_SV_00306	12	60669611	60735492	N	<DEL>	DEL	0/1
DEMO_SV_00307	12	70597016	70623138	N	<INV>	INV	0/1
DEMO_SV_00308	12	74321527	74359325	N	<INV>	INV	0/1
DEMO_SV_00311	12	93917898	93942694	N	<INV>	INV	0/1
DEMO_SV_00312	12	103010372	103118244	N	<DEL>	DEL	0/1
DEMO_SV_00313	12	108197291	108236366	N	<DEL>	DEL	0/1
DEMO_SV_00316	12	129916197	130021142	N	<DUP>	DUP	0/1
DEMO_SV_00317	13	24793042	24860584	N	<DEL>	DEL	0/1
DEMO_SV_00318	13	28187131	28234278	N	<INV>	INV	0/1
DEMO_SV_00319	13	37817112	37866837	N	<DEL>	DEL	0/1
DEMO_SV_00321	13	51760997	51761816	N	<INS>	INS	0/1
DEMO_SV_00322	13	57435439	57446221	N	<DUP>	DUP	0/1
DEMO_SV_00323	13	62116698	62227877	N	<DEL>	DEL	0/1
DEMO_SV_00324	13	72288482	72333230	N	<DEL>	DEL	0/1
DEMO_SV_00325	13	76455714	76457553	N	<INS>	INS	0/1
DEMO_SV_00326	13	81506243	81588754	N	<DUP>	DUP	0/1
DEMO_SV_00332	14	26803787	26804332	N	<INS>	INS	0/1
DEMO_SV_00336	14	56484553	56486111	N	<INS>	INS	0/1
DEMO_SV_00337	14	63238855	63330712	N	<DEL>	DEL	0/1
DEMO_SV_00338	14	67295690	67394435	N	<DEL>	DEL	0/1
DEMO_SV_00339	14	76236960	76254831	N	<INV>	INV	0/1
DEMO_SV_00342	14	94989347	94990077	N	<INS>	INS	0/1
DEMO_SV_00345	15	30445880	30448311	N	<INS>	INS	0/1
DEMO_SV_00346	15	38426726	38449472	N	<INV>	INV	0/1
DEMO_SV_00349	15	59224757	59233489	N	<INV>	INV	0/1
DEMO_SV_00350	15	66291709	66300624	N	<INV>	INV	0/1
DEMO_SV_00351	15	72549206	72550299	N	<INS>	INS	0/1
DEMO_SV_00352	15	79060798	79121056	N	<DUP>	DUP	0/1
DEMO_SV_00353	15	84268717	84281450	N	<INV>	INV	0/1
DEMO_SV_00356	16	5194093	5213928	N	<DEL>	DEL	0/1
DEMO_SV_00358	16	15388765	15464149	N	<DEL>	DEL	0/1
DEMO_SV_00360	16	31599573	31600642	N	<INS>	INS	0/1
DEMO_SV_00363	16	54478237	54611638	N	<DUP>	DUP	0/1
DEMO_SV_00366	16	75124137	75133408	N	<INV>	INV	0/1
DEMO_SV_00370	17	12817149	12843199	N	<INV>	INV	0/1
DEMO_SV_00371	17	17883716	17896243	N	<DUP>	DUP	0/1
DEMO_SV_00372	17	30737405	30745402	N	<INV>	INV	0/1
DEMO_SV_00374	17	42641047	42685358	N	<INV>	INV	0/1
DEMO_SV_00378	17	66116855	66221395	N	<DEL>	DEL	0/1
DEMO_SV_00379	17	73689869	73807675	N	<DEL>	DEL	0/1
DEMO_SV_00380	17	80377882	80467946	N	<DEL>	DEL	0/1
DEMO_SV_00381	18	1818347	1820374	N	<INS>	INS	0/1
DEMO_SV_00384	18	33461423	33551264	N	<DUP>	DUP	0/1
DEMO_SV_00386	18	46555019	46653612	N	<DEL>	DEL	0/1
DEMO_SV_00388	18	58322557	58325373	N	<INS>	INS	0/1
DEMO_SV_00391	18	75930332	75932422	N	<INS>	INS	0/1
DEMO_SV_00392	19	3252618	3299467	N	<DEL>	DEL	0/1
DEMO_SV_00393	19	9551671	9598366	N	<INV>	INV	0/1
DEMO_SV_00394	19	15530801	15669566	N	<DUP>	DUP	0/1
DEMO_SV_00395	19	19878836	19889157	N	<DEL>	DEL	0/1
DEMO_SV_00396	19	33583141	33618215	N	<INV>	INV	0/1
DEMO_SV_00397	19	38253035	38254913	N	<INS>	INS	0/1
DEMO_SV_00398	19	49104945	49113178	N	<DUP>	DUP	0/1
DEMO_SV_00399	19	55115144	55116525	N	<INS>	INS	0/1
DEMO_SV_00400	20	2292201	2307075	N	<INV>	INV	0/1
DEMO_SV_00402	20	14535322	14611439	N	<DEL>	DEL	0/1
DEMO_SV_00403	20	21546002	21596611	N	<DEL>	DEL	0/1
DEMO_SV_00405	20	41590594	41592593	N	<INS>	INS	0/1
DEMO_SV_00406	20	49636654	49666508	N	<DUP>	DUP	0/1
DEMO_SV_00407	20	56453437	56520576	N	<DUP>	DUP	0/1
DEMO_SV_00408	20	59069022	59128184	N	<DEL>	DEL	0/1
DEMO_SV_00410	21	25066394	25068482	N	<INS>	INS	0/1
DEMO_SV_00411	21	30409070	30420314	N	<INV>	INV	0/1
DEMO_SV_00413	21	42441871	42443794	N	<INS>	INS	0/1
DEMO_SV_00414	22	21072454	21119924	N	<INV>	INV	0/1
DEMO_SV_00416	22	33782728	33848706	N	<DEL>	DEL	0/1
DEMO_SV_00417	22	39357463	39362857	N	<INV>	INV	0/1
DEMO_SV_00418	22	47854276	47891615	N	<INV>	INV	0/1
DEMO_SV_00420	X	8699488	8829185	N	<DUP>	DUP	0/1
DEMO_SV_00421	X	13972191	14081748	N	<DUP>	DUP	0/1
DEMO_SV_00423	X	30480526	30490793	N	<INV>	INV	0/1
DEMO_SV_00426	X	48069076	48098419	N	<INV>	INV	0/1
DEMO_SV_00427	X	54287271	54301361	N	<INV>	INV	0/1
DEMO_SV_00429	X	76667438	76669157	N	<INS>	INS	0/1
DEMO_SV_00433	X	102053073	102071960	N	<INV>	INV	0/1
DEMO_SV_00435	X	116526303	116564648	N	<DEL>	DEL	0/1
DEMO_SV_00436	X	123811183	123863680	N	<DEL>	DEL	0/1
DEMO_SV_00437	X	131898533	131980627	N	<DUP>	DUP	0/1
DEMO_SV_00438	X	139930674	139933323	N	<INS>	INS	0/1
DEMO_SV_00440	X	153624377	153626795	N	<INS>	INS	0/1
